"Language","Locale","Title","Short Description","Full Description"
"English (United States)","en-US","SonicFix: Speaker Water Eject","Eject trapped water & dust from phone speakers with sound waves & vibrations.","Accidentally dropped your phone in water or got liquid trapped in the speaker? Muffled or crackling sound? 
SonicFix is your zero-cost, high-precision acoustic maintenance tool designed to clean and restore your smartphone speakers instantly.

Using advanced acoustic resonance physics, SonicFix plays precise frequency sweeps (165 Hz – 1,200 Hz) combined with rhythmic hardware micro-vibrations to dislodge and physically expel trapped water droplets and fine dust particles.

🌊 KEY FEATURES

1. AUTO SPEAKER WATER EJECT & DUST PURGE
• One-tap automated 35-second cleaning cycle.
• Mathematically tuned frequency sweep designed specifically for mobile speaker cones.
• Dynamic pulse vibration bursts to accelerate liquid expulsion.
• Clear visual guidance with animated real-time sound waves.

2. PRECISION FREQUENCY GENERATOR
• Continuous custom frequency tuning from 20 Hz up to 20,000 Hz.
• Selectable waveforms: Sine wave, Square wave, and Triangle wave.
• Fine-tune controls (+/- 1 Hz and +/- 10 Hz) for acoustic experiments.
• Instant presets: Water Eject (165Hz), Sub-Bass (80Hz), A4 Concert Pitch (440Hz), Ultrasonic (15kHz).

3. HARDWARE & AUDIO DIAGNOSTICS
• Stereo Separation Test: Independent Left and Right speaker channel tests.
• Frequency Response Check: Verify bass, midrange, and treble clarity.
• Real-Time Sound Pressure Meter (dB): Measure live output volume with your microphone to confirm sound restoration.

💎 100% PRIVATE & ZERO RUNNING COST
• Completely offline processing: No audio recording, no server uploads, no data collection.
• Ultra-lightweight footprint: Takes almost zero storage space on your device.

HOW TO USE FOR MAXIMUM EFFECTIVENESS:
1. Disconnect any connected headphones or Bluetooth devices.
2. Turn your phone volume to maximum (100%).
3. Place your phone with the speaker facing downward.
4. Tap 'Eject Water' and let the sound waves do the work!"
"Japanese","ja-JP","SonicFix: 水抜き・音波スピーカー掃除","共振音波と微細振動でスピーカー内部の水滴やホコリを強力排出。クリアな音質を復元！","スマホをお風呂や水に落としてスピーカーの音がこもったり、割れたりしていませんか？
SonicFixは、音響物理学に基づく共振周波数と端末バイブレーションを活用して、スピーカー開口部に溜まった水滴や微小なホコリを物理的に弾き飛ばすメンテナンスツールです。

🌊 主な機能

1. 自動水抜き・ホコリ排出モード
• ワンタップで35秒間の最適化スイープ音波（165Hz〜1,200Hz）を再生。
• スピーカーコーン紙の共振を利用して水滴を外へ押し出します。
• リズミカルなハードウェア微細振動で頑固な汚れや水分をアシスト。
• 動的なリアルタイム音波ビジュアライザー搭載。

2. 高精度 周波数ジェネレーター
• 20 Hz 〜 20,000 Hz の広帯域を手動で無段階コントロール。
• 正弦波（サイン波）、矩形波、三角波の切り替えに対応。
• +/- 1Hz、+/- 10Hz の精密ステップ調整。
• クイックプリセット（水抜き 165Hz、重低音 80Hz、基準音 A4 440Hz、超音波 15kHz）。

3. オーディオ＆スピーカー診断テスト
• ステレオ分離テスト: 左右のスピーカーが独立して正常に鳴っているか確認。
• 音域チェック: 低音・中音・高音のクリアさを検証。
• リアルタイム マイク音圧（dB）測定: スピーカー出力が回復したかを客観的な数値でテスト。

💎 安心・安全・軽量
• 完全オフライン動作: 音声データの外部送信やクラウド保存は一切ありません。
• 超軽量アプリサイズ: 端末のストレージを圧迫しません。

効果を高める使い方：
1. イヤホンやBluetooth機器を解除します。
2. スマホのメディア音量を最大（100%）にします。
3. スピーカー開口部を下に向けて机やタオルの上に置きます。
4. 「水抜きを開始」をタップしてください。"
"Hindi","hi-IN","SonicFix: स्पीकर वाटर इजेक्ट","ध्वनि तरंगों और कंपन से स्पीकर में फंसा पानी और धूल तुरंत बाहर निकालें।","क्या आपका फोन पानी में गिर गया है और स्पीकर की आवाज धीमी या खराब हो गई है?
SonicFix एक उन्नत ध्वनि तरंग और कंपन आधारित उपकरण है जो आपके मोबाइल स्पीकर से पानी की बूंदों और धूल को बाहर निकालने में मदद करता है।

🌊 मुख्य विशेषताएं:
1. ऑटो स्पीकर वाटर इजेक्ट: 35 सेकंड में विशेष फ्रीक्वेंसी स्वीप (165Hz - 1,200Hz) के साथ पानी बाहर निकालें।
2. सटीक फ्रीक्वेंसी जेनレーター: 20Hz से 20,000Hz तक अपनी पसंद की ध्वनि तरंगें बनाएं।
3. स्टीरियो और माइक डायग्नोस्टिक्स: बाएँ और दाएँ स्पीकर का अलग-अलग परीक्षण करें।
4. 100% सुरक्षित और ऑफलाइन: बिना इंटरनेट के पूरी तरह सुरक्षित काम करता है।

उपयोग कैसे करें:
1. हेडफोन या ब्लूटूथ डिस्कनेक्ट करें।
2. फोन का वॉल्यूम 100% करें।
3. स्पीकर को नीचे की ओर रखें और वाटर इजेक्ट शुरू करें।"
"Portuguese (Brazil)","pt-BR","SonicFix: Ejetar Água do Alto","Remova água e poeira do alto-falante com ondas sonoras e vibrações.","Deixou seu celular cair na água e o som do alto-falante ficou abafado ou chiando?
O SonicFix é a ferramenta ideal para limpar e restaurar os alto-falantes do seu smartphone usando ondas sonoras ressonantes e vibrações mecânicas.

🌊 RECURSOS PRINCIPAIS:
1. Ejeção Automática de Água e Poeira: Ciclo otimizado de 35 segundos com varredura de frequência (165 Hz a 1.200 Hz).
2. Gerador de Frequência Preciso: Controle manual de 20 Hz a 20.000 Hz com ondas senoidais, quadradas e triangulares.
3. Teste de Diagnóstico de Áudio: Teste de separação estéreo (esquerdo/direito) e medidor de decibéis (dB) em tempo real.
4. 100% Seguro e Offline: Sem custos de servidor, sem upload de dados, máxima privacidade.

COMO USAR:
1. Desconecte fones de ouvido ou Bluetooth.
2. Aumente o volume do aparelho para o máximo (100%).
3. Posicione o alto-falante virado para baixo.
4. Toque em 'Ejetar Água' e aguarde a limpeza!"
"Spanish (Latin America)","es-419","SonicFix: Expulsar Agua Altavoz","Expulsa agua y polvo de los altavoces del celular con sonido y vibración.","¿Se te cayó el teléfono al agua y el altavoz suena apagado o distorsionado?
SonicFix utiliza frecuencias acústicas precisas y vibraciones táctiles para expulsar gotas de agua y polvo atrapados en los altavoces de tu smartphone al instante.

🌊 CARACTERÍSTICAS PRINCIPALES:
1. Expulsión Automática de Agua y Polvo: Ciclo de limpieza de 35 segundos con barrido de frecuencia optimizado (165 Hz - 1,200 Hz).
2. Generador de Frecuencia de Precisión: Ajuste continuo de 20 Hz a 20,000 Hz con ondas senoidais, quadradas e triangulares.
3. Diagnóstico de Audio y Altavoces: Prueba de separación estéreo izquierda/derecha y medición de decibeles (dB) en tiempo real.
4. 100% Privado y Sin Conexión: Funciona totalmente offline sin recopilar ningún dato personal.

CÓMO USAR PARA MEJORES RESULTADOS:
1. Desconecta auriculares y dispositivos Bluetooth.
2. Sube el volumen del teléfono al máximo (100%).
3. Coloca el teléfono con el altavoz hacia abajo.
4. Presiona 'Expulsar Agua' y deja que las ondas acústicas hagan el trabajo."
"Indonesian","id-ID","SonicFix: Pembersih Air Speaker","Keluarkan air & debu dari speaker hp dengan gelombang suara dan getaran.","Ponsel Anda kemasukan air dan suara speaker menjadi kecil atau bindeng?
SonicFix adalah alat perawatan akustik presisi tinggi untuk membersihkan dan memulihkan speaker ponsel cerdas Anda secara instan.

🌊 FITUR UTAMA:
1. Pembersih Air & Debu Otomatis: Siklus pembersihan 35 detik menggunakan sapuan frekuensi resonansi (165 Hz - 1.200 Hz) dan getaran.
2. Generator Frekuensi Presisi: Atur frekuensi kustom dari 20 Hz hingga 20.000 Hz dengan gelombang sinus, kotak, dan segitiga.
3. Diagnostik Speaker Stereo: Uji saluran speaker kiri dan kanan serta meteran desibel (dB) waktu nyata.
4. 100% Aman & Offline: Bekerja tanpa internet, tanpa pengumpulan data pribadi.

CARA PENGGUNAAN TERBAIK:
1. Lepaskan headset atau Bluetooth.
2. Naikkan volume ke maksimal (100%).
3. Hadapkan speaker ponsel ke bawah.
4. Tekan 'Keluarkan Air' dan biarkan gelombang suara membersihkan speaker!"
